Number;Items
1;От Матфея 1, От Матфея 2, От Матфея 3
2;От Матфея 4, От Матфея 5
3;От Матфея 6, От Матфея 7
4;От Матфея 8, От Матфея 9
5;От Матфея 10, От Матфея 11
6;От Матфея 12, Псалом 1, Псалом 2
7;От Матфея 13, Псалом 3, Псалом 4
8;От Матфея 14, От Матфея 15
9;От Матфея 16, От Матфея 17, От Матфея 18
10;От Матфея 19, От Матфея 20
11;От Матфея 21, Псалом 6, Псалом 7
12;От Матфея 22, От Матфея 23
13;От Матфея 24, Псалом 8
14;От Матфея 25, Псалом 9
15;От Матфея 26
16;От Матфея 27, От Матфея 28
17;Бытие 1, Бытие 2, Бытие 3
18;Бытие 4, Бытие 5, Бытие 6
19;Бытие 7, Бытие 8, Бытие 9
20;Бытие 10, Бытие 11
21;Бытие 12, Бытие 13, Бытие 14
22;Бытие 15, Бытие 16, Бытие 17
23;Бытие 18, Бытие 19
24;Бытие 20, Бытие 21
25;Бытие 22, Бытие 23, Псалом 10, Псалом 11
26;Бытие 23
27;Бытие 25, Бытие 26
28;Бытие 27, Бытие 28
29;Бытие 29, Бытие 30
30;Бытие 31
31;Бытие 32, Бытие 33
32;Бытие 34, Бытие 35
33;Бытие 36, Бытие 37
34;Бытие 38, Бытие 39, Бытие 40
35;Бытие 41, Псалом 13, Псалом 14
36;Бытие 42, Бытие 43
37;Бытие 44, Бытие 45
38;Бытие 46, Бытие 47
39;Бытие 48, Бытие 49, Бытие 50
40;Иакова 1, Иакова 2, Иакова 3, Псалом 15
41;Иакова 4, Иакова 5, Псалом 16
42;Псалом 17
43;Исход 1, Исход 2, Исход 3
44;Исход 4, Исход 5
45;Исход 6, Исход 7
46;Исход 8, Псалом 18
47;Исход 9, Исход 10
48;Исход 11, Исход 12
49;Исход 13, Исход 14
50;Исход 15, Исход 16
51;Исход 17, Исход 18, Исход 19
52;Исход 20, Исход 21
53;Исход 22, Исход 23
54;Исход 24, Исход 25
55;Исход 26, Исход 27
56;Исход 28, Псалом 19
57;Исход 29, Псалом 20
58;Исход 30, Исход 31
59;Исход 32, Исход 33
60;Исход 34, Исход 35
61;Исход 36, Исход 37
62;Исход 38, Псалом 21
63;Исход 39, Псалом 22, Псалом 23
64;Исход 40, Псалом 24
65;1-е Петра 1, 1-е Петра 2, 1-е Петра 3
66;1-е Петра 4, 1-е Петра 5, Псалом 25
67;2-е Петра 1, 2-е Петра 2, 2-е Петра 3
68;Второзаконие 1, Псалом 26
69;Второзаконие 2, Псалом 27, Псалом 28
70;Второзаконие 3, Второзаконие 4
71;Второзаконие 5, Второзаконие 6
72;Второзаконие 7, Второзаконие 8, Псалом 29
73;Второзаконие 9, Второзаконие 10
74;Второзаконие 11, Второзаконие 12
75;Второзаконие 13, Второзаконие 14, Второзаконие 15
76;Второзаконие 16, Второзаконие 17, Второзаконие 18
77;Второзаконие 19, Второзаконие 20, Второзаконие 21
78;Второзаконие 22, Второзаконие 23, Второзаконие 24
79;Второзаконие 25, Второзаконие 26, Второзаконие 27
80;Второзаконие 28
81;Второзаконие 29, Второзаконие 30
82;Второзаконие 31, Псалом 30
83;Второзаконие 32, Псалом 31
84;Второзаконие 33, Второзаконие 34, Псалом 32
85;1-е Иоанна 1, 1-е Иоанна 2, 1-е Иоанна 3
86;1-е Иоанна 4, 1-е Иоанна 5, Псалом 33
87;2-е Иоанна 1, 3-е Иоанна 1, Псалом 34, Псалом 35
88;Иуды 1, Псалом 36
89;Иисус Навин 1, Иисус Навин 2, Псалом 37
90;Иисус Навин 3, Иисус Навин 4, Псалом 38
91;Иисус Навин 5, Иисус Навин 6, Иисус Навин 7
92;Иисус Навин 8, Иисус Навин 9
93;Иисус Навин 10, Иисус Навин 11
94;Иисус Навин 12, Иисус Навин 13, Иисус Навин 14
95;Иисус Навин 15
96;Иисус Навин 16, Иисус Навин 17, Иисус Навин 18
97;Иисус Навин 19, Иисус Навин 20
98;Иисус Навин 21, Псалом 39
99;Иисус Навин 22, Псалом 40, Псалом 41
100;Иисус Навин 23, Иисус Навин 24, Псалом 42
101;Римлянам 1, Римлянам 2
102;Римлянам 3, Римлянам 4
103;Римлянам 5, Псалом 43, Псалом 44
104;Римлянам 6, Римлянам 7
105;Римлянам 8, Римлянам 9
106;Римлянам 10, Римлянам 11, Псалом 45
107;Римлянам 12, Римлянам 13, Римлянам 14
108;Римлянам 15, Римлянам 16, Псалом 46
109;1-е Коринфянам 1, 1-е Коринфянам 2, 1-е Коринфянам 3
110;1-е Коринфянам 4, 1-е Коринфянам 5, 1-е Коринфянам 6
111;1-е Коринфянам 7, 1-е Коринфянам 8
112;1-е Коринфянам 9, 1-е Коринфянам 10
113;1-е Коринфянам 11, 1-е Коринфянам 12
114;1-е Коринфянам 13, 1-е Коринфянам 14, Псалом 47
115;1-е Коринфянам 15
116;1-е Коринфянам 16, Псалом 48
117;2-е Коринфянам 1, 2-е Коринфянам 2, 2-е Коринфянам 3
118;2-е Коринфянам 4, 2-е Коринфянам 5, 2-е Коринфянам 6
119;2-е Коринфянам 7, 2-е Коринфянам 8, 2-е Коринфянам 9
120;2-е Коринфянам 10, 2-е Коринфянам 11
121;2-е Коринфянам 12, 2-е Коринфянам 13, Псалом 49
122;Судьи 1, Судьи 2
123;Судьи 3, Судьи 4
124;Судьи 5, Судьи 6
125;Судьи 7, Судьи 8
126;Судьи 9
127;Судьи 10, Судьи 11
128;Судьи 12, Судьи 13, Псалом 50
129;Судьи 14, Судьи 15, Псалом 51, Псалом 52
130;Судьи 16, Судьи 17, Псалом 53
131;Судьи 18, Судьи 19
132;Судьи 20, Судьи 21
133;От Иоанна 1
134;От Иоанна 2, От Иоанна 3
135;От Иоанна 4
136;От Иоанна 5, Псалом 54
137;От Иоанна 6
138;От Иоанна 7, Псалом 55
139;От Иоанна 8, Псалом 56
140;От Иоанна 9, Псалом 57
141;От Иоанна 10, Псалом 58
142;От Иоанна 11, Псалом 59
143;От Иоанна 12, От Иоанна 13
144;От Иоанна 14, От Иоанна 15
145;От Иоанна 16, От Иоанна 17
146;От Иоанна 18, От Иоанна 19, Псалом 60, Псалом 61
147;От Иоанна 20, Псалом 62, Псалом 63
148;От Иоанна 21
149;Руфь 1, Руфь 2, Руфь 3, Руфь 4
150;Галатам 1, Галатам 2, Галатам 3
151;Галатам 4, Галатам 5, Галатам 6
152;Ефесянам 1, Ефесянам 2, Псалом 64
153;Ефесянам 3, Ефесянам 4, Псалом 65
154;Ефесянам 5, Ефесянам 6
155;Филиппийцам 1, Филиппийцам 2, Псалом 66
156;Филиппийцам 3, Филиппийцам 4, Псалом 67
157;Псалом 68, Псалом 69, Псалом 70
158;1-я Паралипоменон 1, Псалом 71
159;1-я Паралипоменон 2, Псалом 72
160;1-я Паралипоменон 3, 1-я Паралипоменон 4
161;1-я Паралипоменон 5, Псалом 73, Псалом 74
162;1-я Паралипоменон 6
163;1-я Паралипоменон 7, 1-я Паралипоменон 8
164;1-я Паралипоменон 9, 1-я Паралипоменон 10
165;1-я Паралипоменон 11, 1-я Паралипоменон 12
166;1-я Паралипоменон 13, 1-я Паралипоменон 14, 1-я Паралипоменон 15
167;1-я Паралипоменон 16, 1-я Паралипоменон 17
168;1-я Паралипоменон 18, 1-я Паралипоменон 19, 1-я Паралипоменон 20, 1-я Паралипоменон 21
169;1-я Паралипоменон 22, 1-я Паралипоменон 23
170;1-я Паралипоменон 24, 1-я Паралипоменон 25
171;1-я Паралипоменон 26, 1-я Паралипоменон 27
172;1-я Паралипоменон 28, 1-я Паралипоменон 29, Псалом 76
173;Псалом 77
174;Колоссянам 1, Колоссянам 2, Псалом 78
175;Колоссянам 3, Колоссянам 4, Псалом 79
176;1-е Фессалоникийцам 1, 1-е Фессалоникийцам 2, 1-е Фессалоникийцам 3, Псалом 80
177;1-е Фессалоникийцам 4, 1-е Фессалоникийцам 5, Псалом 81, Псалом 82
178;2-е Фессалоникийцам 1, 2-е Фессалоникийцам 2, 2-е Фессалоникийцам 3, Псалом 83
179;1-е Тимофею 1, 1-е Тимофею 2, 1-е Тимофею 3, Псалом 84
180;1-е Тимофею 4, 1-е Тимофею 5, 1-е Тимофею 6
181;2-е Тимофею 1, 2-е Тимофею 2, Псалом 85, Псалом 86
182;2-е Тимофею 3, 2-е Тимофею 4, Псалом 87
183;Псалом 88
184;Исаия 1, Исаия 2
185;Исаия 3, Исаия 4, Псалом 89
186;Исаия 5, Исаия 6, Псалом 90
187;Исаия 7, Исаия 8, Псалом 91
188;Исаия 9, Исаия 10
189;Исаия 11, Исаия 12, Исаия 13, Псалом 92
190;Исаия 14, Исаия 15, Псалом 93
191;Исаия 16, Исаия 17, Исаия 18, Исаия 19
192;Исаия 20, Исаия 21, Исаия 22, Исаия 23
193;Исаия 24, Исаия 25, Исаия 26
194;Исаия 27, Исаия 28, Исаия 29
195;Исаия 30, Исаия 31, Исаия 32
196;Исаия 33, Исаия 34, Исаия 35, Исаия 36
197;Исаия 37, Исаия 38, Исаия 39
198;Исаия 40, Исаия 41
199;Исаия 42, Исаия 43
200;Исаия 44, Исаия 45, Исаия 46
201;Исаия 47, Исаия 48, Исаия 49
202;Исаия 50, Исаия 51, Исаия 52, Исаия 53, Исаия 54
203;Исаия 55, Исаия 56, Исаия 57, Исаия 58
204;Исаия 59, Исаия 60, Исаия 61, Исаия 62
205;Исаия 63, Исаия 64, Исаия 65, Псалом 94
206;Исаия 66, Псалом 95, Псалом 96, Псалом 97
207;Титу 1, Титу 2, Титу 3, Псалом 98, Псалом 99
208;Филимону 1, Псалом 100, Псалом 101
209;Евреям 1, Евреям 2, Евреям 3, Евреям 4
210;Евреям 5, Евреям 6, Евреям 7
211;Евреям 8, Евреям 9, Псалом 102
212;Евреям 10, Евреям 11
213;Евреям 12, Евреям 13
214;Откровение 1, Откровение 2, Откровение 3
215;Откровение 4, Откровение 5, Откровение 6, Откровение 7
216;Откровение 8, Откровение 9, Откровение 10, Откровение 11
217;Откровение 12, Откровение 13, Откровение 14, Откровение 15
218;Откровение 16, Откровение 17, Откровение 18
219;Откровение 19, Откровение 20, Псалом 103
220;Откровение 21, Откровение 22
221;От Луки 1
222;От Луки 2
223;От Луки 3, От Луки 4
224;От Луки 5, Псалом 104
225;От Луки 6, Псалом 105
226;От Луки 7, Псалом 106
227;От Луки 8, Псалом 107
228;От Луки 9
229;От Луки 10, Псалом 108
230;От Луки 11, Псалом 109
231;От Луки 12
232;От Луки 13, От Луки 14
233;От Луки 15, От Луки 16
234;От Луки 17, От Луки 18
235;От Луки 19, Псалом 110, Псалом 111
236;От Луки 20, От Луки 21
237;От Луки 22
238;От Луки 23, Псалом 112
239;От Луки 24, Псалом 113
240;Деяния 1, Деяния 2
241;Деяния 3, Деяния 4, Псалом 114
242;Деяния 5, Деяния 6, Псалом 115
243;Деяния 7
244;Деяния 8, Деяния 9
245;Деяния 10, Деяния 11
246;Деяния 12, Деяния 13
247;Деяния 14, Деяния 15
248;Деяния 16, Деяния 17
249;Деяния 18, Деяния 19
250;Деяния 20, Деяния 21
251;Деяния 22, Деяния 23, Псалом 116
252;Деяния 24, Деяния 25
253;Деяния 26, Псалом 117
254;Деяния 27, Деяния 28
255;Псалом 118:1-87
256;Псалом 118:88-176
257;Иакова 1, Иакова 2, Псалом 119
258;Иакова 3, Иакова 4, Иакова 5, Псалом 120, Псалом 121
259;1-е Петра 1, 1-е Петра 2, Псалом 122, Псалом 123
260;1-е Петра 3, 1-е Петра 4, 1-е Петра 5, Псалом 124, Псалом 125
261;2-е Петра 1, 2-е Петра 2, 2-е Петра 3
262;2-я Паралипоменон 1, 2-я Паралипоменон 2, 2-я Паралипоменон 3, 2-я Паралипоменон 4
263;2-я Паралипоменон 5, 2-я Паралипоменон 6, 2-я Паралипоменон 7
264;2-я Паралипоменон 8, 2-я Паралипоменон 9, 2-я Паралипоменон 10
265;2-я Паралипоменон 11, 2-я Паралипоменон 12, 2-я Паралипоменон 13
266;2-я Паралипоменон 14, 2-я Паралипоменон 15, 2-я Паралипоменон 16, Псалом 126, Псалом 127
267;2-я Паралипоменон 17, 2-я Паралипоменон 18, 2-я Паралипоменон 19
268;2-я Паралипоменон 20, 2-я Паралипоменон 21, 2-я Паралипоменон 22
269;2-я Паралипоменон 23, 2-я Паралипоменон 24, 2-я Паралипоменон 25
270;2-я Паралипоменон 26, 2-я Паралипоменон 27, 2-я Паралипоменон 28
271;2-я Паралипоменон 29, 2-я Паралипоменон 30
272;2-я Паралипоменон 31, 2-я Паралипоменон 32, Псалом 128
273;2-я Паралипоменон 33, 2-я Паралипоменон 34, Псалом 129
274;2-я Паралипоменон 35, 2-я Паралипоменон 36
275;От Марка 1, От Марка 2
276;От Марка 3, От Марка 4
277;От Марка 5
278;От Марка 6
279;От Марка 7
280;От Марка 8, От Марка 9
281;От Марка 10, От Марка 11
282;От Марка 12, От Марка 13
283;От Марка 14
284;От Марка 15, От Марка 16
285;Римлянам 1, Римлянам 2
286;Римлянам 3, Римлянам 4
287;Римлянам 5, Псалом 130, Псалом 131
288;Римлянам 6, Римлянам 7
289;Римлянам 8, Римлянам 9, Псалом 132
290;Римлянам 10, Римлянам 11, Псалом 133
291;Римлянам 12, Римлянам 13, Римлянам 14, Псалом 134
292;Римлянам 15, Римлянам 16
293;Михей 1, Михей 2, Михей 3, Псалом 135
294;Михей 4, Михей 5, Михей 6, Михей 7
295;1-е Иоанна 1, 1-е Иоанна 2, 1-е Иоанна 3, Псалом 136
296;1-е Иоанна 4, 1-е Иоанна 5, Псалом 137
297;2-е Иоанна 1, 3-е Иоанна 1, Псалом 138
298;Иуды 1, Псалом 139, Псалом 140
299;Софония 1, Софония 2, Софония 3
300;1-е Коринфянам 1, 1-е Коринфянам 2, 1-е Коринфянам 3
301;1-е Коринфянам 4, 1-е Коринфянам 5, 1-е Коринфянам 6
302;1-е Коринфянам 7, 1-е Коринфянам 8, 1-е Коринфянам 9
303;1-е Коринфянам 10, 1-е Коринфянам 11
304;1-е Коринфянам 12, 1-е Коринфянам 13, 1-е Коринфянам 14
305;1-е Коринфянам 15, 1-е Коринфянам 16
306;Иеремия 1, Иеремия 2, Иеремия 3
307;Иеремия 4, Иеремия 5
308;Иеремия 6, Иеремия 7
309;Иеремия 8, Иеремия 9, Иеремия 10
310;Иеремия 11, Иеремия 12, Иеремия 13
311;Иеремия 14, Иеремия 15, Иеремия 16
312;Иеремия 17, Иеремия 18, Иеремия 19
313;Иеремия 20, Иеремия 21, Иеремия 22
314;Иеремия 23, Иеремия 24, Иеремия 25
315;Иеремия 26, Иеремия 27, Иеремия 28
316;Иеремия 29, Иеремия 30
317;Иеремия 31, Иеремия 32
318;Иеремия 33, Иеремия 34, Иеремия 35
319;Иеремия 36, Иеремия 37, Иеремия 38
320;Иеремия 39, Иеремия 40, Иеремия 41, Иеремия 42
321;Иеремия 43, Иеремия 44, Иеремия 45, Иеремия 46
322;Иеремия 47, Иеремия 48
323;Иеремия 49, Иеремия 50
324;Иеремия 51
325;Иеремия 52, Псалом 141, Псалом 142
326;2-е Коринфянам 1, 2-е Коринфянам 2, 2-е Коринфянам 3
327;2-е Коринфянам 4, 2-е Коринфянам 5, 2-е Коринфянам 6
328;2-е Коринфянам 7, 2-е Коринфянам 8, 2-е Коринфянам 9
329;2-е Коринфянам 10, 2-е Коринфянам 11
330;2-е Коринфянам 12, 2-е Коринфянам 13, Псалом 143
331;Плач Иеремии 1, Плач Иеремии 2, Псалом 144
332;Плач Иеремии 3
333;Плач Иеремии 4, Плач Иеремии 5, Псалом 145
334;Галатам 1, Галатам 2, Галатам 3
335;Галатам 4, Галатам 5, Галатам 6
336;Ефесянам 1, Ефесянам 2
337;Ефесянам 3, Ефесянам 4
338;Ефесянам 5, Ефесянам 6
339;Аввакум 1
340;Филиппийцам 1, Филиппийцам 2
341;Филиппийцам 3, Филиппийцам 4
342;Колоссянам 1, Колоссянам 2
343;Колоссянам 3, Колоссянам 4
344;Наум 1
345;1-е Фессалоникийцам 1, 1-е Фессалоникийцам 2, 1-е Фессалоникийцам 3
346;1-е Фессалоникийцам 4, 1-е Фессалоникийцам 5
347;2-е Фессалоникийцам 1, 2-е Фессалоникийцам 2, 2-е Фессалоникийцам 3
348;1-е Тимофею 1, 1-е Тимофею 2, 1-е Тимофею 3
349;1-е Тимофею 4, 1-е Тимофею 5, 1-е Тимофею 6
350;2-е Тимофею 1, 2-е Тимофею 2
351;2-е Тимофею 3, 2-е Тимофею 4
352;Филимону 1, Псалом 146, Псалом 147
353;Евреям 1, Евреям 2, Евреям 3, Евреям 4
354;Евреям 5, Евреям 6, Евреям 7, Евреям 8
355;Евреям 9, Евреям 10
356;Евреям 11
357;Евреям 12
358;Евреям 13
359;Авдия 1, Псалом 148, Псалом 149
360;Откровение 1, Откровение 2, Откровение 3
361;Откровение 4, Откровение 5, Откровение 6
362;Откровение 7, Откровение 8, Откровение 9, Откровение 10, Откровение 11
363;Откровение 12, Откровение 13, Откровение 14, Откровение 15, Откровение 16
364;Откровение 17, Откровение 18, Откровение 19
365;Откровение 20, Откровение 21, Откровение 22, Псалом 150